Contract,Expiration
CDH17,2017-02-21 00:00:00 America/New_York
CDJ17,2017-03-21 00:00:00 America/New_York
CDK17,2017-04-20 00:00:00 America/New_York
CDM17,2017-05-22 00:00:00 America/New_York
CDN17,2017-06-20 00:00:00 America/New_York
CDQ17,2017-07-20 00:00:00 America/New_York
CDU17,2017-08-22 00:00:00 America/New_York
CDV17,2017-09-20 00:00:00 America/New_York
CDX17,2017-10-20 00:00:00 America/New_York
CDZ17,2017-11-20 00:00:00 America/New_York
CDF18,2017-12-19 00:00:00 America/New_York
CDG18,2018-01-22 00:00:00 America/New_York
CDH18,2018-02-20 00:00:00 America/New_York
CDJ18,2018-03-20 00:00:00 America/New_York
CDK18,2018-04-20 00:00:00 America/New_York
CDM18,2018-05-22 00:00:00 America/New_York
CDN18,2018-06-20 00:00:00 America/New_York
CDQ18,2018-07-20 00:00:00 America/New_York
CDU18,2018-08-21 00:00:00 America/New_York
CDV18,2018-09-20 00:00:00 America/New_York
CDX18,2018-10-22 00:00:00 America/New_York
CDZ18,2018-11-19 00:00:00 America/New_York
CDF19,2018-12-19 00:00:00 America/New_York
CDG19,2019-01-22 00:00:00 America/New_York
CDH19,2019-02-20 00:00:00 America/New_York
CDJ19,2019-03-20 00:00:00 America/New_York
CDK19,2019-04-22 00:00:00 America/New_York
CDM19,2019-05-21 00:00:00 America/New_York
CDN19,2019-06-20 00:00:00 America/New_York
CDQ19,2019-07-22 00:00:00 America/New_York
CDU19,2019-08-20 00:00:00 America/New_York
CDV19,2019-09-20 00:00:00 America/New_York
CDX19,2019-10-22 00:00:00 America/New_York
CDZ19,2019-11-20 00:00:00 America/New_York
CDF20,2019-12-19 00:00:00 America/New_York
